iso,country_name,region_GCAM3,GCAM_region_ID,GCAM_region
abw,Aruba,Latin America,9,Central America and Caribbean
afg,Afghanistan,Southeast Asia,22,South Asia
ago,Angola,Africa,4,Africa_Southern
aia,Anguilla,Latin America,9,Central America and Caribbean
alb,Albania,Eastern Europe,55,Albania
and,Andorra,Western Europe,53,Spain
ant,Netherlands Antilles,Latin America,9,Central America and Caribbean
are,United Arab Emirates,Middle East,16,Middle East
arg,Argentina,Latin America,26,Argentina
arm,Armenia,Former Soviet Union,10,Central Asia
asm,American Samoa,Southeast Asia,24,Southeast Asia
atg,Antigua &#38; Barbuda,Latin America,9,Central America and Caribbean
aus,Australia,Australia_NZ,6,Australia_NZ
aut,Austria,Western Europe,28,Austria
aze,Azerbaijan,Former Soviet Union,10,Central Asia
bdi,Burundi,Africa,2,Africa_Eastern
bel,Belgium,Western Europe,29,Belgium
ben,Benin,Africa,5,Africa_Western
bfa,Burkina Faso,Africa,5,Africa_Western
bgd,Bangladesh,Southeast Asia,22,South Asia
bgr,Bulgaria,Eastern Europe,30,Bulgaria
bhr,Bahrain,Middle East,16,Middle East
bhs,Bahamas,Latin America,9,Central America and Caribbean
bih,Bosnia and Herzegovina,Eastern Europe,57,Bosnia and Herzegovina
blr,Belarus,Former Soviet Union,56,Belarus
blz,Belize,Latin America,9,Central America and Caribbean
bmu,Bermuda,Western Europe,9,Central America and Caribbean
bol,Bolivia,Latin America,21,South America_Southern
bra,Brazil,Latin America,7,Brazil
brb,Barbados,Latin America,9,Central America and Caribbean
brn,Brunei Darussalam,Southeast Asia,24,Southeast Asia
btn,Bhutan,Southeast Asia,22,South Asia
bwa,Botswana,Africa,4,Africa_Southern
caf,Central African Republic,Africa,5,Africa_Western
can,Canada,Canada,8,Canada
cck,Cocos (Keeling) Islands,Southeast Asia,24,Southeast Asia
che,Switzerland,Western Europe,63,Switzerland
chi,Channel Islands,Western Europe,65,UK
chl,Chile,Latin America,21,South America_Southern
chn,China,China,11,China
civ,Cote dIvoire,Africa,5,Africa_Western
cmr,Cameroon,Africa,5,Africa_Western
cod,"Congo, the Democratic Republic of the",Africa,5,Africa_Western
cog,Congo,Africa,5,Africa_Western
cok,Cook Islands,Australia_NZ,24,Southeast Asia
col,Colombia,Latin America,27,Colombia
com,Comoros,Africa,2,Africa_Eastern
cpv,Cape Verde,Africa,5,Africa_Western
cri,Costa Rica,Latin America,9,Central America and Caribbean
cub,Cuba,Latin America,9,Central America and Caribbean
cuw,Curacao,Latin America,9,Central America and Caribbean
cym,Cayman Islands,Latin America,9,Central America and Caribbean
cyp,Cyprus,Western Europe,32,Cyprus
cxr,Christmas Island,Southeast Asia,24,Southeast Asia
cze,Czech Republic,Eastern Europe,33,Czech Republic
deu,Germany,Western Europe,38,Germany
dji,Djibouti,Africa,2,Africa_Eastern
dma,Dominica,Latin America,9,Central America and Caribbean
dnk,Denmark,Western Europe,34,Denmark
dom,Dominican Republic,Latin America,9,Central America and Caribbean
dza,Algeria,Africa,3,Africa_Northern
ecu,Ecuador,Latin America,21,South America_Southern
egy,Egypt,Africa,3,Africa_Northern
eri,Eritrea,Africa,2,Africa_Eastern
esh,Western Sahara,Africa,3,Africa_Northern
esp,Spain,Western Europe,53,Spain
est,Estonia,Former Soviet Union,35,Estonia
eth,Ethiopia,Africa,2,Africa_Eastern
fin,Finland,Western Europe,36,Finland
fji,Fiji,Southeast Asia,24,Southeast Asia
flk,Falkland Islands (Malvinas),Latin America,65,UK
fra,France,Western Europe,37,France
fro,Faroe Islands,Western Europe,34,Denmark
fsm,"Micronesia, Federated States of",Southeast Asia,24,Southeast Asia
gab,Gabon,Africa,5,Africa_Western
gbr,United Kingdom,Western Europe,65,UK
geo,Georgia,Former Soviet Union,10,Central Asia
ggy,Guernsey,Western Europe,65,UK
gha,Ghana,Africa,5,Africa_Western
gib,Gibraltar,Western Europe,65,UK
gin,Guinea,Africa,5,Africa_Western
glp,Guadeloupe,Latin America,9,Central America and Caribbean
gmb,Gambia,Africa,5,Africa_Western
gnb,Guinea-Bissau,Africa,5,Africa_Western
gnq,Equatorial Guinea,Africa,5,Africa_Western
grc,Greece,Western Europe,39,Greece
grd,Grenada,Latin America,9,Central America and Caribbean
grl,Greenland,Western Europe,34,Denmark
gtm,Guatemala,Latin America,9,Central America and Caribbean
guf,French Guiana,Latin America,20,South America_Northern
gum,Guam,Southeast Asia,24,Southeast Asia
guy,Guyana,Latin America,20,South America_Northern
hkg,Hong Kong,Southeast Asia,11,China
hnd,Honduras,Latin America,9,Central America and Caribbean
hrv,Croatia,Eastern Europe,31,Croatia
hti,Haiti,Latin America,9,Central America and Caribbean
hun,Hungary,Eastern Europe,40,Hungary
idn,Indonesia,Southeast Asia,13,Indonesia
imn,Isle of Man,Western Europe,65,UK
ind,India,India,12,India
irl,Ireland,Western Europe,41,Ireland
irn,"Iran, Islamic Republic of",Middle East,16,Middle East
irq,Iraq,Middle East,16,Middle East
isl,Iceland,Western Europe,58,Iceland
isr,Israel,Middle East,16,Middle East
ita,Italy,Western Europe,42,Italy
jam,Jamaica,Latin America,9,Central America and Caribbean
jey,Jersey,Western Europe,65,UK
jor,Jordan,Middle East,16,Middle East
jpn,Japan,Japan,14,Japan
kaz,Kazakhstan,Former Soviet Union,10,Central Asia
ken,Kenya,Africa,2,Africa_Eastern
kgz,Kyrgyzstan,Former Soviet Union,10,Central Asia
khm,Cambodia,China,24,Southeast Asia
kir,Kiribati,Southeast Asia,24,Southeast Asia
kna,Saint Kitts and Nevis,Latin America,9,Central America and Caribbean
kor,"Korea, Republic of",Korea,23,South Korea
kwt,Kuwait,Middle East,16,Middle East
lao,Lao Peoples Democratic Republic,Southeast Asia,24,Southeast Asia
lbn,Lebanon,Middle East,16,Middle East
lbr,Liberia,Africa,5,Africa_Western
lby,Libyan Arab Jamahiriya,Africa,3,Africa_Northern
lca,Saint Lucia,Latin America,9,Central America and Caribbean
lie,Liechtenstein,Western Europe,63,Switzerland
lka,Sri Lanka,Southeast Asia,22,South Asia
lso,Lesotho,Africa,4,Africa_Southern
ltu,Lithuania,Former Soviet Union,44,Lithuania
lux,Luxembourg,Western Europe,45,Luxembourg
lva,Latvia,Former Soviet Union,43,Latvia
mac,Macau,Southeast Asia,11,China
mar,Morocco,Africa,3,Africa_Northern
mco,Monaco,Western Europe,37,France
mda,"Moldova, Republic of",Former Soviet Union,60,Moldova
mdg,Madagascar,Africa,2,Africa_Eastern
mdv,Maldives,Southeast Asia,22,South Asia
mex,Mexico,Latin America,15,Mexico
mhl,Marshall Islands,Southeast Asia,24,Southeast Asia
mkd,"Macedonia, the former Yugoslav Republic of",Eastern Europe,59,Macedonia
mli,Mali,Africa,5,Africa_Western
mlt,Malta,Western Europe,46,Malta
mmr,Myanmar,Southeast Asia,24,Southeast Asia
mne,Montenegro,Eastern Europe,62,Serbia and Montenegro
mng,Mongolia,China,10,Central Asia
mnp,Northern Mariana Islands,Southeast Asia,24,Southeast Asia
moz,Mozambique,Africa,4,Africa_Southern
mrt,Mauritania,Africa,5,Africa_Western
msr,Montserrat,Latin America,9,Central America and Caribbean
mtq,Martinique,Western Europe,9,Central America and Caribbean
mus,Mauritius,Africa,2,Africa_Eastern
mwi,Malawi,Africa,4,Africa_Southern
mys,Malaysia,Southeast Asia,24,Southeast Asia
myt,Mayotte,Africa,24,Southeast Asia
nam,Namibia,Africa,4,Africa_Southern
ncl,New Caledonia,Southeast Asia,24,Southeast Asia
ner,Niger,Africa,5,Africa_Western
nfk,Norfolk Island,Australia_NZ,24,Southeast Asia
nga,Nigeria,Africa,5,Africa_Western
nic,Nicaragua,Latin America,9,Central America and Caribbean
niu,Niue,Australia_NZ,24,Southeast Asia
nld,Netherlands,Western Europe,47,Netherlands
nor,Norway,Western Europe,61,Norway
npl,Nepal,Southeast Asia,22,South Asia
nru,Nauru,Southeast Asia,24,Southeast Asia
nzl,New Zealand,Australia_NZ,6,Australia_NZ
omn,Oman,Middle East,16,Middle East
pak,Pakistan,Southeast Asia,17,Pakistan
pan,Panama,Latin America,9,Central America and Caribbean
pci,Pacific Islands Trust Territory,Southeast Asia,24,Southeast Asia
pcn,Pitcairn Islands,Southeast Asia,24,Southeast Asia
per,Peru,Latin America,21,South America_Southern
phl,Philippines,Southeast Asia,24,Southeast Asia
plw,Palau,Southeast Asia,24,Southeast Asia
png,Papua New Guinea,Southeast Asia,24,Southeast Asia
pol,Poland,Eastern Europe,48,Poland
pri,Puerto Rico,USA,1,USA
prk,"Korea, Democratic Peoples Republic of",China,24,Southeast Asia
prt,Portugal,Western Europe,49,Portugal
pry,Paraguay,Latin America,21,South America_Southern
pse,"Palestinian Territory, Occupied",Middle East,16,Middle East
pyf,French Polynesia,Southeast Asia,24,Southeast Asia
qat,Qatar,Middle East,16,Middle East
reu,Reunion,Africa,2,Africa_Eastern
rom,Romania,Eastern Europe,50,Romania
rou,Romania,Eastern Europe,50,Romania
rus,Russian Federation,Former Soviet Union,18,Russia
rwa,Rwanda,Africa,2,Africa_Eastern
sau,Saudi Arabia,Middle East,16,Middle East
scg,Serbia and Montenegro,Eastern Europe,62,Serbia and Montenegro
sdn,Sudan,Africa,2,Africa_Eastern
sen,Senegal,Africa,5,Africa_Western
sgp,Singapore,Southeast Asia,24,Southeast Asia
shn,Saint Helena,Africa,65,UK
sjm,Svalbard and Jan Mayen Islands,Western Europe,61,Norway
slb,Solomon Islands,Southeast Asia,24,Southeast Asia
sle,Sierra Leone,Africa,5,Africa_Western
slv,El Salvador,Latin America,9,Central America and Caribbean
smr,San Marino,Western Europe,42,Italy
som,Somalia,Africa,2,Africa_Eastern
spm,Saint Pierre and Miquelon,Canada,37,France
srb,Serbia,Eastern Europe,62,Serbia and Montenegro
ssd,South Sudan,Africa,2,Africa_Eastern
stp,Sao Tome and Principe,Africa,5,Africa_Western
sur,Suriname,Latin America,20,South America_Northern
svk,Slovakia,Eastern Europe,51,Slovakia
svn,Slovenia,Eastern Europe,52,Slovenia
swe,Sweden,Western Europe,54,Sweden
swz,Swaziland,Africa,4,Africa_Southern
syc,Seychelles,Africa,24,Southeast Asia
syr,Syrian Arab Republic,Middle East,16,Middle East
tca,Turks and Caicos,Latin America,65,UK
tcd,Chad,Africa,5,Africa_Western
tgo,Togo,Africa,5,Africa_Western
tha,Thailand,Southeast Asia,24,Southeast Asia
tjk,Tajikistan,Former Soviet Union,10,Central Asia
tkl,Tokelau,Australia_NZ,24,Southeast Asia
tkm,Turkmenistan,Former Soviet Union,10,Central Asia
tls,Timor Leste,Southeast Asia,24,Southeast Asia
ton,Tonga,Southeast Asia,24,Southeast Asia
tto,Trinidad and Tobago,Latin America,9,Central America and Caribbean
tun,Tunisia,Africa,3,Africa_Northern
tur,Turkey,Western Europe,64,Turkey
tuv,Tuvalu,Southeast Asia,24,Southeast Asia
twn,Taiwan,Southeast Asia,25,Taiwan
tza,"Tanzania, United Republic of",Africa,4,Africa_Southern
uga,Uganda,Africa,2,Africa_Eastern
ukr,Ukraine,Former Soviet Union,66,Ukraine
ury,Uruguay,Latin America,21,South America_Southern
usa,United States of America,USA,1,USA
uzb,Uzbekistan,Former Soviet Union,10,Central Asia
vat,Vatican,Western Europe,42,Italy
vct,Saint Vincent and the Grenadines,Latin America,9,Central America and Caribbean
ven,Venezuela,Latin America,20,South America_Northern
vgb,"Virgin Islands, British",Latin America,65,UK
vir,"Virgin Islands, U.S.",Latin America,1,USA
vnm,Viet Nam,China,24,Southeast Asia
vut,Vanuatu,Southeast Asia,24,Southeast Asia
wlf,Wallis and Futuna,Australia_NZ,37,France
wsm,Samoa,Southeast Asia,24,Southeast Asia
yem,Yemen,Middle East,16,Middle East
yug,"Yugoslavia, Federal Republic of",Eastern Europe,62,Serbia and Montenegro
zaf,South Africa,Africa,19,South Africa
zmb,Zambia,Africa,4,Africa_Southern
zwe,Zimbabwe,Africa,4,Africa_Southern
