basin_id,basin_name,glu_name
1,Arctic_Ocean_Islands,ArcticIsl
2,Northwest_Territories,NWTerr
3,Siberia_North_Coast,SiberiaN
4,Siberia_West_Coast,SiberiaW
5,Kara_Sea_Coast,KaraSea
6,Lena,LenaR
48,Yenisei,YeniseiR
7,Pacific_and_Arctic_Coast,PacArctic
8,Scandinavia_North_Coast,ScndnvN
9,Russia_Barents_Sea_Coast,BarentsSea
10,Mackenzie,Mackenzie
12,Sweden,Sweden
13,Finland,Finland
56,Ob,ObR
11,Iceland,Iceland
14,Northern_Dvina,DvinaRN
17,Neva,NevaR
15,Hudson_Bay_Coast,HudsonBay
16,Scotland,Scotland
18,Volga,VolgaR
19,Atlantic_Ocean_Seaboard,CanAtl
20,Baltic_Sea_Coast,BalticSea
22,Narva,NarvaR
21,Denmark_Germany_Coast,DnkGrmCst
25,Daugava,DaugavaR
23,Saskatchewan_Nelson,NelsonR
27,Fraser,FraserR
35,Neman,NemanR
39,Dnieper,DnieperR
43,Amur,AmurR
26,England_and_Wales,EngWales
34,Churchill,ChurchillR
24,Ireland,Ireland
33,Poland_Coast,PolandCst
38,Ural,UralR
30,Wisla,WislaR
29,Oder,OderR
53,Don,DonR
28,Ems_Weser,EmsWeserR
31,Elbe,ElbeR
32,Rhine,RhineR
40,St_Lawrence,StLwrncR
229,Pacific_Northwest_Basin,UsaPacNW
36,Scheldt,ScheldtR
76,Syr_Darya,SyrDaryaR
45,Caspian_Sea_Coast,CaspianNE
37,Russia_South_East_Coast,RusCstSE
41,France_West_Coast,FranceCstW
42,Gobi_Interior,Gobi
227,Great_Lakes_Basin,GreatLakes
54,Danube,DanubeR
46,Seine,SeineR
49,Dniester,DniesterR
223,Missouri_River_Basin,MissouriR
47,Black_Sea_North_Coast,BlackSeaN
68,Lake_Balkash,LBalkash
44,Loire,LoireR
232,New_England_Basin,UsaCstNE
62,Rhone,RhoneR
218,Upper_Mississippi_Basin,MissppRN
57,Po,PoR
50,Italy_East_Coast,ItalyCstE
58,Amu_Darya,AmuDaryaR
55,Adriatic_Sea_Greece_Black_Sea_Coast,AdrBlkSea
52,Caspian_Sea_East_Coast,CaspianE
64,Gironde,Gironde
51,Japan,Japan
66,Bo_Hai_Korean_Bay_North_Coast,BoHai
59,Italy_West_Coast,ItalyCstW
61,France_South_Coast,FranceCstS
233,Mid_Atlantic_Basin,UsaCstE
60,Spain_Portugal_Atlantic_Coast,IberiaCst
69,Tiber,TiberR
70,Black_Sea_South_Coast,BlackSeaS
217,California_River_Basin,California
220,Upper_Colorado_River_Basin,UsaColoRN
85,Tarim_Interior,Tarim
74,Douro,DouroR
73,Ebro,EbroR
63,Mediterranean_Sea_Islands,MeditIsl
222,Great_Basin,GreatBasin
77,Ziya_He_Interior,ZiyaHe
72,Caspian_Sea_South_West_Coast,CaspianSW
228,Ohio_River_Basin,OhioR
67,Spain_South_and_East_Coast,SpainCstSE
65,North_and_South_Korea,Korea
79,Huang_He,HuangHeR
71,Tagus,TagusR
75,Mediterranean_Sea_East_Coast,MeditE
84,Tigris_Euphrates,TigrEuphR
81,Guadiana,GuadianaR
224,Arkansas_White_Red_Basin,ArkWhtRedR
221,Lower_Colorado_River_Basin,UsaColoRS
83,Guadalquivir,GuadalqR
231,Rio_Grande_River_Basin,RioGrande
219,Lower_Mississippi_River_Basin,MissppRS
78,China_Coast,ChinaCst
226,South_Atlantic_Gulf_Basin,UsaCstSE
82,Central_Iran,Iran
80,Mediterranean_South_Coast,MeditS
230,Tennessee_River_Basin,TennR
89,Indus,IndusR
99,Eastern_Jordan_Syria,EJrdnSyr
144,Africa_North_Interior,AfrIntN
106,Yangtze,Yangtze
86,Africa_North_West_Coast,AfrCstNW
225,Texas_Gulf_Coast_Basin,TexasCst
97,Helmand,Helmand
92,Plateau_of_Tibet_Interior,Tibet
90,Farahrud,FarahrudR
95,Dead_Sea,DeadSea
125,Mekong,Mekong
127,Salween,Salween
91,Baja_California,MexBaja
96,Mexico_Northwest_Coast,MexCstNW
87,Nile,NileR
94,Arabian_Peninsula,ArabianP
110,Ganges_Bramaputra,GangesR
88,Persian_Gulf_Coast,PersianGulf
102,HamuniMashkel,HamuMashR
107,Sabarmati,SabarmatiR
98,Sinai_Peninsula,SinaiP
100,Africa_Red_Sea_Gulf_of_Aden_Coast,AfrCstNE
93,Red_Sea_East_Coast,RedSeaE
114,Mexico_Interior,MexInt
104,Arabian_Sea_Coast,ArabianSea
137,Irrawaddy,IrrawaddyR
101,Caribbean,Caribbean
108,Xun_Jiang,XunJiang
105,North_Gulf,MexGulf
109,Hong_(Red_River),Hong
103,Taiwan,Taiwan
151,Lake_Chad,LChad
113,Mahi,MahiR
118,Yasai,BengalW
132,Rio_Verde,RioVerde
149,Niger,NigerR
235,Narmada,NarmadaR
116,Bay_of_Bengal_North_East_Coast,BengalBay
120,Brahmani,BrahmaniR
122,Mahanadi,MahanadiR
131,Rio_Lerma,RioLerma
112,South_China_Sea_Coast,SChinaSea
123,Godavari,GodavariR
234,Hawaii,Hawaii
117,Tapti,TaptiR
115,Pacific_Central_Coast,MexCstW
111,Yucatan_Peninsula,YucatanP
126,Viet_Nam_Coast,VietnamCst
129,India_West_Coast,IndCstW
138,Sittaung,SittaungR
128,India_North_East_Coast,IndCstNE
134,Rio_Balsas,RioBalsas
124,Hainan,Hainan
130,Papaloapan,Papaloapan
152,Senegal,SenegalR
146,Chao_Phraya,ChaoPhrR
140,Krishna,KrishnaR
119,Philippines,Phlppns
133,Grijalva_Usumacinta,GrijUsuR
136,Isthmus_of_Tehuantepec,Tehuantpc
139,Peninsula_Malaysia,MalaysiaP
147,Pennar,PennarR
135,Southern_Central_America,CntAmer
142,Africa_West_Coast,AfrCstW
179,Rift_Valley,RiftValley
160,Volta,VoltaR
145,India_East_Coast,IndCstE
148,Gulf_of_Thailand_Coast,ThaiGulf
153,Cauvery,CauveryR
141,Andaman_Nicobar_Islands,AdnNicIsl
143,Caribbean_Coast,SAmerCstN
166,Magdalena,MagdalenaR
155,India_South_Coast,IndCstS
156,Orinoco,OrinocoR
154,Sri_Lanka,SriLanka
170,Shebelli_Juba,ShebJubR
157,Colombia_Ecuador_Pacific_Coast,ColEcuaCst
183,Congo,CongoR
161,Northeast_South_America_South_Atlantic_Coast,SAmerCstNE
162,Gulf_of_Guinea,GuineaGulf
159,North_Borneo_Coast,BorneoCstN
163,Sumatra,Sumatra
168,Amazon,AmazonR
165,Kalimantan,Kalimantan
164,Sulawesi,Sulawesi
158,Palau_and_East_Indonesia,IdnE
171,Africa_East_Central_Coast,AfrCstE
180,Peru_Pacific_Coast,PeruCst
167,Irian_Jaya_Coast,IrianJaya
174,Tocantins,TocantinsR
172,North_Brazil_South_Atlantic_Coast,BrzCstN
173,Papua_New_Guinea_Coast,PapuaCst
187,Parnaiba,ParnaibaR
186,East_Brazil_South_Atlantic_Coast,BrzCstE
178,Sepik,SepikR
181,Fly,FlyR
175,Java_Timor,JavaTimor
182,Angola_Coast,AngolaCst
176,Solomon_Islands,SolomonIsl
192,Sao_Francisco,SaoFrancR
188,Zambezi,ZambeziR
195,Uruguay_Brazil_South_Atlantic_Coast,BrzCstS
184,Australia_North_Coast,AusCstN
185,South_Pacific_Islands,NewCaledn
177,Madagascar,Madagascar
197,Africa_South_Interior,AfrIntS
200,La_Puna_Region,LaPuna
206,La_Plata,RioLaPlata
193,Australia_Interior,AusInt
189,Australia_East_Coast,AusCstE
196,Namibia_Coast,AfrCstSW
190,Africa_Indian_Ocean_Coast,AfrCstSE
207,North_Chile_Pacific_Coast,ChileCstN
199,Limpopo,LimpopoR
191,Australia_West_Coast,AusCstW
194,Orange,OrangeR
198,South_Africa_South_Coast,AfrCstS
208,Murray_Darling,MurrayDrlg
203,Mar_Chiquita,MarChiq
205,Salinas_Grandes,Salinas
212,South_America_Colorado,ArgColoR
204,South_Africa_West_Coast,AfrCstSSW
202,Australia_South_Coast,AusCstS
209,Pampas_Region,Pampas
210,North_Argentina_South_Atlantic_Coast,ArgCstN
169,South_Chile_Pacific_Coast,ChileCstS
201,New_Zealand,NewZealand
213,Negro,NegroR
214,Central_Patagonia_Highlands,Patagonia
211,Tasmania,Tasmania
215,South_Argentina_South_Atlantic_Coast,ArgCstS
